method,paramMs,hyst,switches,falseSwitches,delayMs,accuracy
MinHold,0,NaN,41,40,35.0208333333335,0.599056603773585
MinHold,20,NaN,40,39,45.0208333333335,0.594339622641509
MinHold,40,NaN,24,23,65.0208333333333,0.707547169811321
MinHold,60,NaN,1,0,85.0208333333333,0.962264150943396
MinHold,80,NaN,1,0,105.020833333333,0.952830188679245
MinHold,100,NaN,0,0,NaN,0.490566037735849
MinHold,120,NaN,0,0,NaN,0.490566037735849
MinHold,140,NaN,0,0,NaN,0.490566037735849
MinHold,160,NaN,0,0,NaN,0.490566037735849
MinHold,180,NaN,0,0,NaN,0.490566037735849
MinHold,200,NaN,0,0,NaN,0.490566037735849
MinHold,220,NaN,0,0,NaN,0.490566037735849
MinHold,240,NaN,0,0,NaN,0.490566037735849
MinHold,260,NaN,0,0,NaN,0.490566037735849
MinHold,280,NaN,0,0,NaN,0.490566037735849
MinHold,300,NaN,0,0,NaN,0.490566037735849
SmoothHyst h=0.0,0,0,41,40,35.0208333333335,0.599056603773585
SmoothHyst h=0.0,50,0,40,39,55.0208333333333,0.589622641509434
SmoothHyst h=0.0,100,0,3,2,75.0208333333333,0.952830188679245
SmoothHyst h=0.0,150,0,3,2,105.020833333333,0.938679245283019
SmoothHyst h=0.0,200,0,3,2,125.020833333333,0.929245283018868
SmoothHyst h=0.0,250,0,3,2,155.020833333333,0.915094339622642
SmoothHyst h=0.0,300,0,3,2,175.020833333333,0.905660377358491
SmoothHyst h=0.1,0,0.1,41,40,35.0208333333335,0.60377358490566
SmoothHyst h=0.1,50,0.1,40,39,55.0208333333333,0.599056603773585
SmoothHyst h=0.1,100,0.1,3,2,85.0208333333333,0.929245283018868
SmoothHyst h=0.1,150,0.1,3,2,105.020833333333,0.924528301886792
SmoothHyst h=0.1,200,0.1,3,2,135.020833333333,0.910377358490566
SmoothHyst h=0.1,250,0.1,3,2,155.020833333333,0.900943396226415
SmoothHyst h=0.1,300,0.1,3,2,185.020833333333,0.886792452830189
SmoothHyst h=0.2,0,0.2,1,0,65.0208333333333,0.971698113207547
SmoothHyst h=0.2,50,0.2,1,0,85.0208333333333,0.962264150943396
SmoothHyst h=0.2,100,0.2,1,0,105.020833333333,0.952830188679245
SmoothHyst h=0.2,150,0.2,1,0,135.020833333333,0.938679245283019
SmoothHyst h=0.2,200,0.2,1,0,155.020833333333,0.929245283018868
SmoothHyst h=0.2,250,0.2,1,0,185.020833333333,0.915094339622642
SmoothHyst h=0.2,300,0.2,1,0,205.020833333333,0.905660377358491
